measurement_unit;name
г;абрикосовое варенье
г;абрикосовое пюре
г;абрикосовый джем
стакан;абрикосовый сок
г;абрикосы
г;абрикосы консервированные
по вкусу;авокадо
г;агава сироп
г;агар-агар
г;аграм
г;аджика
г;аджика зеленая
по вкусу;айва
г;айвовое пюре
г;айран
г;айсинг
г;акула стейки
стакан;алкоголь
ст. л.;алкоголь крепкий
г;алыча
шт.;альбухара
г;альмехи
г;амарантовая мука
г;ананасовый сироп
г;ананасовый сок
г;ананасы
г;ананасы вяленые
по вкусу;ананасы консервированные
по вкусу;анис
г;анис звездочки
мл;анисовый ликер
г;анис семена
г;анчоусы
г;апельсиновая вода
г;апельсиновая цедра
ч. л.;апельсиновая эссенция
г;апельсиновое варенье
г;апельсиновые цукаты
г;апельсиновый джем
г;апельсиновый джем с имбирем
г;апельсиновый ликер
стакан;апельсиновый сироп
по вкусу;апельсиновый сок
г;апельсиновый сок свежевыжатый
ст. л.;апельсиновый уксус
ч. л.;апельсиновый экстракт
г;апельсины
шт.;апельсины красные
шт.;апельсины крупные
г;арахис
г;арахис жареный
г;арахисовая паста
г;арахисовое масло
г;арахис соленый
г;арбузная мякоть
г;арбузы
г;аргановое масло
г;аришта
г;ароматизатор
по вкусу;"ароматизатор ""ананас"""
капля;"ароматизатор ""вишня"""
капля;"ароматизатор ""малина"""
г;"ароматизатор ""ром"""
г;артишоки
г;артишоки в масле
г;артишоки маринованные
шт.;аспирин
г;ассорти мясное
г;ассорти овощное
г;ассорти фруктовое
г;ассорти ягодное
г;аши
г;багет
г;багет вчерашний
г;багет мини
звездочка;бадан
щепотка;бадьян
г;базилик лимонный
г;базилик свежий
г;базилик сушеный
горсть;базилик тайский
г;базилик фиолетовый
по вкусу;баклажаны
г;баклажаны мини
г;баклажаны тайские
г;балык
г;бальзам
стакан;бальзамический крем
ст. л.;бальзамический соус
стакан;бальзамический уксус
ст. л.;бальзам рижский черный
г;бамия
г;банановое пюре
горсть;банановые чипсы
мл;банановый зеленый сироп
мл;банановый ликер
г;бананы
г;бананы мини
г;барабулька
г;бараний ливер
кусок;бараний окорок на косточке
г;бараний фарш
г;баранина
г;баранки
кг;бараньи антрекоты
шт.;бараньи голяшки
кг;бараньи потроха
шт.;бараньи ребрышки
кг;баранья лопатка
г;баранья нога
г;баранья печень
г;барбарис
ст. л.;барбарис вяленый
г;барбарис молотый
г;бастурма
г;батат
г;батон
г;батончики шоколадные
г;безе
по вкусу;бекон
г;бекон варено-копченый
г;бекон сырокопченый
г;белорыбица
мл;бирнель
пакет;бисквик смесь готовая
г;бисквит
г;бисквитная крошка
г;бисквитный корж
г;бисквитный рулет
г;бисквит шоколадный
шт.;бифштекс
г;блинная мука
г;блины готовые
шт.;блины овсяные
г;бобовые ростки
г;бобы
г;бобы мунг пророщенные
шт.;бобы тонка
г;ботарга
г;брезаола
г;бренди
г;брокколи замороженная
г;брокколи свежая
г;брусника замороженная
г;брусника свежая
г;брусника сушеная
г;брусничное варенье
г;брусничный соус
по вкусу;брынза
г;брынза сербская
г;брюква
г;буженина
ст. л.;бузина сироп
пучок;букет гарни
г;булгур
кусок;булка
г;булка белая
г;булка сдобная
г;булочки
г;булочки белые черствые
шт.;булочки бриошь
шт.;булочки вчерашние
шт.;булочки для гамбургеров
шт.;булочки зерновые
кусок;булочки ржаные
шт.;булочки с кунжутом
г;бульон
г;бульонные кубики
г;бурбон
г;Буррата
г;буряк
ч. л.;бусинки кондитерские
по вкусу;бусинки кондитерские серебряные
г;бычий хвост
г;ванилин
г;ваниль в стручках
ст. л.;ванильная настойка
г;ванильная эссенция
г;ванильный порошок
г;ванильный сироп
по вкусу;ванильный экстракт
г;варенье
г;васаби
г;вафельная крошка
г;вафельные коржи
г;вафельные трубочки
г;вафли
г;вафли шоколадные
г;вермишель
г;вермишель яичная
г;вермут
г;вермут белый
г;вермут сухой
г;ветчина
г;ветчина вареная
кусок;ветчина варено-копченая
г;ветчина копченая
г;ветчина пармская
г;ветчина сырокопченая
г;вешенки
г;винегрет
щепотка;винный камень
г;винный уксус
г;винный уксус белый
ч. л.;винный уксус красный
ч. л.;винный уксус на чесноке
ст. л.;винный уксус на эстрагоне
по вкусу;вино белое
г;вино белое полусладкое
г;вино белое полусухое
г;вино белое сладкое
стакан;вино белое столовое
г;вино белое сухое
г;виноград
г;виноград без косточек
г;виноград белый
кг;виноград изабелла
ст. л.;виноградное желе
г;виноградные листья
г;виноградные листья маринованные
шт.;виноградные листья молодые
г;виноградный сок
ч. л.;виноградный сок осветленный
г;виноград синий
г;виноград черный
г;вино десертное
г;вино игристое сухое
г;вино красное
г;вино красное полусладкое
г;вино красное полусухое
г;вино красное сладкое
г;вино красное сухое
г;вино крепленое
ст. л.;вино розовое полусладкое
г;вино розовое полусухое
г;виски
г;витамин C в порошке
мл;вишневая настойка
г;вишневое варенье
г;вишневые листья
г;вишневый джем
по вкусу;вишневый ликер
стакан;вишневый сироп
г;вишневый сок
г;вишня
г;вишня вяленая
г;вишня замороженная
шт.;вишня засахаренная кондитерская
г;вишня коктейльная
шт.;вишня мараскино
 протертая с сахаром;вишня
г;вода
стакан;вода минеральная без газа
г;вода минеральная газированная
г;водка
ч. л.;водка анисовая
г;водоросли
г;вустерширский соус
долька;галангал корень
г;галеты
г;гамбургер
г;ганаш
г;гарам масала
г;гарнир
г;гаспачо
г;гвоздика
по вкусу;гвоздика молотая
г;герань листья
г;геркулес
г;глазурь
г;глазурь белая
по вкусу;глазурь готовая
по вкусу;глазурь черная
г;глазурь шоколадная белая
г;глутамат натрия
г;глюкоза
г;глюкоза сироп
г;говядина
г;говядина на кости
по вкусу;говяжий фарш
г;говяжий язык
по вкусу;говяжье сердце
г;говяжьи бифштексы
г;говяжьи голяшки
г;говяжьи легкие
г;говяжьи ребра
г;говяжьи стейки рибай
шт.;говяжья вырезка
кг;говяжья грудинка
г;говяжья лопатка
шт.;говяжья мозговая кость
кг;говяжья мякоть
шт.;говяжья печень
г;говяжья черева
кг;говяжья шейка
г;годжи
шт.;голец филе
г;голубика
г;голубика замороженная
г;голубь
по вкусу;горбуша
банка;горбуша в собственном соку
г;горбуша филе
г;горгонзола
г;горгонзола пиканте
г;горох
г;горох колотый
горсть;гороховые ростки
г;гороховый суп
г;горошек зеленый
г;горошек зеленый замороженный
г;горошек зеленый консервированный
г;горошек стручковый свежий
г;горчица
г;горчица дижонская
г;горчица дижонская с медом
г;горчица желтая семена
г;горчица острая
ст. л.;горчица русская
г;горчица семена
г;горчица с зернами
г;горчица сухая
г;горчица французская
г;горчица цитрусовая
г;горчичное масло
г;горчичный порошок
ст. л.;грана падано
г;гранатные зерна
ст. л.;гранатовая паста
г;гранатовый сироп
г;гранатовый сок
мл;гранатовый сок свежевыжатый
ч. л.;гранатовый соус
г;гранаты
г;гранита
г;гранола с орехами
ч. л.;граппа
кг;гратен
г;грейпфрутовая цедра
г;грейпфрутовый сок
г;грейпфруты
г;грейпфруты розовые
г;гренадин
г;гренки
г;грецкие орехи
г;грецкие орехи рубленые
г;гречневая крупа
ст. л.;гречневая крупа зеленая
г;гречневая лапша соба
г;гречневая мука
стакан;гречневое молоко
г;гречневые хлопья
г;грибы
г;грибы белые
г;грибы белые замороженные
г;грибы белые маринованные
г;грибы белые сухие
г;грибы замороженные
г;грибы замороженные (опята и маслята)
г;грибы лесные
г;грибы маринованные
г;грибы свежие
г;грибы соленые
шт.;грибы соломенные консервированные
г;грибы сухие
г;грибы шиитаке
г;грибы шиитаке сухие
г;гриль
г;гриссини
г;грудинка
г;грудинка варено-копченая
по вкусу;грудинка копченая
г;грушевое пюре
мл;грушевый ликер
мл;грушевый сироп
г;грушевый сок
ст. л.;грушевый уксус
по вкусу;груши
г;груши вяленые
г;грюйер
шт.;гуава
г;гуанчиале
г;гурьевская каша
г;гусиная грудка копченая
г;гусиная печень
ст. л.;гусиный жир
г;гусь
кг;гусь тушка
г;дайкон
г;детское питание
г;джем
г;джин
г;джусай
г;диоксид титана
г;долма
шт.;дорада
шт.;дорада потрошеная с головой
шт.;дорада с головой
шт.;дорада тушка
г;драже
г;дрожжи домашние
г;дрожжи свежие
по вкусу;дрожжи сухие
г;дубовая кора
г;душица
г;дыня
г;ежевика
г;ежевика замороженная
г;ерш
шт.;ёрш-носарь
г;желатин
по вкусу;желатин листовой
г;желе
упаковка;желе для торта
упаковка;желирующее вещество
г;желирующий сахар
г;женьшень
г;жидкий дым
г;жимолость
г;жир
стакан;жир вытопленный
г;жир кулинарный
г;жир растительный
щепотка;заатар
г;завтрак сухой
г;завтрак сухой подушечки
г;загуститель для сливок
г;зайчатина
пакет;закваска
г;закваска вечная
по вкусу;заменитель сахара
г;заменитель сахара стевия
г;заправка для салатов готовая
по вкусу;зверобой
г;зелень
г;зелень рубленая
по вкусу;земляника
г;земляника замороженная
г;зефир
г;зира
г;злаковые хлопья
г;зубатка
г;зубатка филе
г;изолят соевого протеина
г;изюм
г;изюм без косточек
г;изюм белый
г;изюм черный
г;икра
г;икра вяленой рыбы
г;икра горбуши зернистая
г;икра красная
г;икра красной рыбы мелкая
г;икра летучей рыбы
г;икра лосося
г;икра мойвы
г;икра палтуса
г;икра судака
г;икра черная
г;имбирное варенье
по вкусу;имбирное печенье
ст. л.;имбирные цукаты
г;имбирь
г;имбирь засахаренный
г;имбирь корень
г;имбирь маринованный
г;имбирь молотый
г;индейка
г;индейка голень
г;индейка грудка
г;индейка копченая
шт.;индейка тушка
г;индейка фарш
г;индейка филе
шт.;индоутка
г;индюшачья печень
г;инжир
г;инжир свежий
г;инжир сушеный
г;ирга
г;ириски
г;итальянские травы
г;йогурт
г;йогурт греческий
г;йогурт жирный
г;йогурт козий
г;йогурт натуральный
г;йогурт нежирный
г;йогурт обезжиренный
г;йогурт фруктовый
г;кабачки
г;кабачки замороженные
г;кабачки молодые
ст. л.;каджунская смесь специй
горсть;какао
г;какао-бобы
г;какао-масло
по вкусу;какао-порошок
г;какао-порошок обезжиренный
банка;какао сгущенное
по вкусу;калина
г;калина протертая
ч. л.;калинджи семена
г;кальвадос
г;кальмары
г;кальмары вареные
г;кальмары замороженные
г;кальмары консервированные
шт.;кальмары филе
упаковка;камамбер
г;камбала
г;камбала филе
мл;кампари
ч. л.;кандурин золотой
г;каннеллони
г;капеллини
г;каперсы
г;каперсы в винном уксусе
г;каперсы маринованные
г;капуста белокочанная
г;капуста брюссельская
г;капуста брюссельская замороженная
г;капуста кале
по вкусу;капуста квашеная
г;капуста кольраби
г;капуста краснокочанная
по вкусу;капуста морская
г;капуста морская замороженная
г;капуста морская сушеная
г;капуста пекинская
г;капуста савойская
г;капуста цветная
г;капуста цветная замороженная
г;капустный рассол
г;капучино
г;каракатица
г;каракатица очищенная
г;карамбола
мл;карамель
г;карамельный соус
г;карамель с начинкой
г;карамель соленая
г;карась
г;карбонад
г;кардамон
ч. л.;кардамон зерна
г;кардамон молотый
шт.;кардамон стручки
г;каркаде
г;карп
кг;карп зеркальный
кг;карп филе
г;карри
г;карри листья
пакет;карри паста
г;картофель
г;картофель вареный
г;картофель вареный в мундире
г;картофель молодой
по вкусу;картофельное пюре
г;картофельные ньокки
г;картофельные хлопья
г;картофельные чипсы
г;картофельный крахмал
г;картофельный отвар
г;картофельный хэш замороженный
г;картофель печеный
г;катык
по вкусу;каффир-лайм листья
г;каша
г;каша для детского питания
г;каштановая мука
г;каштановый крем
г;каштаны
г;каштаны вареные
г;каштаны консервированные
г;каштаны очищенные
г;квас
г;квасное сусло
упаковка;квасной концентрат сухой
г;квас хлебный
г;кедровая мука
г;кедровые орехи
г;кедровые орехи жареные
г;кета
по вкусу;кетчуп острый
г;кетчуп томатный
ст. л.;кетчуп тосканский
г;кетчуп шашлычный
г;кефаль
по вкусу;кефир
г;кефир 1%
г;кефир 5%
г;кефир 2%
г;кефир обезжиренный
г;кешью
г;кивано
кг;киви
г;киви желе
г;кижуч
г;кижуч горячего копчения филе
г;кизил
г;килька
г;кимчи
зубчик;кинза свежая
г;кинза сушеная
г;киноа
г;киноа молотая
г;кипяток
ст. л.;кирш
г;кисель
г;кисель сухой
мл;кисломолочный напиток Тан
г;кишки
г;клейковина
г;клементины
г;кленовый сироп
г;клубника
г;клубника в сиропе
г;клубника замороженная
 протертая с сахаром;клубника
г;клубника сушеная
г;клубничное варенье
упаковка;клубничное желе
г;клубничное пюре
г;клубничный джем
мл;клубничный джем густой
стакан;клубничный компот
г;клубничный ликер
г;клубничный сироп
г;клюква
г;клюква вяленая
г;клюква замороженная
 протертая с сахаром;клюква
г;клюквенное варенье
г;клюквенный джем
ст. л.;клюквенный морс
г;клюквенный сироп
г;клюквенный соус
г;козлиная печень
кг;козлятина молодая
ст. л.;кока-кола
стакан;кокосовая вода
ст. л.;кокосовая мука
г;кокосовая стружка
г;кокосовая стружка цветная
мл;кокосовое масло
г;кокосовое молоко
г;кокосовые сливки
ст. л.;кокосовый ликер
г;кокосовый экстракт
г;кокосы
г;кола
г;колбаса
г;колбаса вареная
г;колбаса варено-копченая
г;колбаса копченая
г;колбаса кровяная
г;колбаса полукопченая
г;колбаса сырокопченая
шт.;колбаска свиная свежая (salsiccia)
г;колбаски
г;колбаски для жарки
шт.;колбаски домашние
г;колбаски охотничьи
шт.;колбаски сырокопченые
г;компот
ст. л.;конопляное масло
г;конопля семена
по вкусу;конфеты
г;конфеты M&M’s
г;конфеты жевательные лакричные
г;конфеты Коровка
г;конфеты Трюфель
по вкусу;конфитюр
упаковка;конфитюрка
г;коньяк
г;копчености
по вкусу;коренья
г;кориандр
г;кориандр зелень
г;кориандр молотый
г;кориандр семена
ст. л.;коринка
г;корица
г;корица молотая
г;корнишоны
г;корнишоны маринованые
г;корюшка
г;корюшка горячего копчения
г;кости
г;кости мозговые
г;кость сахарная
стакан;кофе в зернах
г;кофе зеленый
г;кофейные зерна в шоколаде
г;кофейный ликер
мл;кофейный ликер Kahlua
мл;кофейный напиток
г;кофейный сироп
мл;кофейный экстракт
ст. л.;кофе молотый
г;кофе растворимый
г;кофе свежесваренный
г;кофе черный
стакан;кофе эспрессо
г;крабовое мясо
по вкусу;крабовые палочки
по вкусу;краб снежный
г;крабы
г;крапива
шт.;краситель-гель пищевой
г;краситель пищевой
щепотка;краситель пищевой вишневый
г;краситель пищевой желтый
ст. л.;краситель пищевой зеленый
г;краситель пищевой красный
г;краситель пищевой оранжевый
г;краситель пищевой фиолетовый
г;краситель пищевой черный
г;красная смородина
 протертая с сахаром;красная смородина
шт.;красноперка
г;красносмородиновое варенье
г;красный винный соус
г;крахмал
г;креветки
г;креветки замороженные
г;креветки королевские
г;креветки очищенные
г;креветки очищенные в рассоле
г;креветки салатные
г;креветки сушеные
г;креветки тигровые
г;крекер
г;крекер соленый
г;крем заварной
г;крем заварной порошковый
г;крем-фреш
г;кресс-салат
мл;кровь
г;кролик
г;кролик тушка
г;кролик филе
г;кроличья печень
по вкусу;круассаны
г;крутоны мелкие
г;крыжовник
банка;крыжовниковое варенье
г;кукуруза
г;кукуруза замороженная
г;кукуруза консервированная
г;кукуруза обжаренная кикос
г;кукурузная крупа
г;кукурузная мука
г;кукурузное масло
шт.;кукурузные лепешки
г;кукурузные палочки
г;кукурузные хлопья
г;кукурузные хлопья глазированные
г;кукурузные чипсы
г;кукурузный (золотой) сироп
по вкусу;кукурузный крахмал
г;кумин
горсть;кумкваты
г;кунжут
г;кунжутная мука
г;кунжутная паста
г;кунжутное масло
по вкусу;кунжутные семечки
ч. л.;кунжут черный
шт.;купаты
по вкусу;курага
г;курдючное сало
г;курдючный жир
г;куриная ветчина
г;куриная кожа
г;куриная печень
г;куриное карпаччо
г;куриное филе
г;куриные бедра
г;куриные голени
шт.;куриные голени копченые
г;куриные грудки
г;куриные грудки вареные
г;куриные грудки копченые
шт.;куриные желудочки
г;куриные кости
г;куриные крылья
г;куриные окорочка
г;куриные окорочка копченые
г;куриные потрошки
г;куриные сердечки
г;куриный бульон
г;куриный паштет
кг;куриный суповой набор
г;куриный фарш
г;курица
г;курица вареная
кг;курица для жарки
г;курица копченая
г;курица тушка
г;куркума
г;куропатки
г;кускус
стакан;кускус жемчужный
г;кэроб
г;лаванда
щепотка;лаванда сушеная
ч. л.;лавандовый краситель
по вкусу;лаваш
г;лаваш армянский
г;лаваш персидский круглый
пласт;лаваш тонкий
шт.;лавровые листья свежие
г;лавровый лист
г;лайм
шт.;лайм листья
г;лаймовая цедра
г;лаймовый сок
шт.;лангустины
г;лапша
упаковка;лапша для лагмана
г;лапша ширатаки
шт.;лапша яичная в гнездах
г;латук
г;легкие
г;лед
шт.;леди-фиш тушка
г;лемонграсс (лимонное сорго)
г;лен семена
г;лепешки
шт.;лепешки арабские
г;лесные орехи
г;лечо
г;ливер
г;ликер
г;ликер Alchermes
г;ликер Amaretto
г;ликер Baileys
г;ликер Cointreau
г;ликер кремовый
г;ликер сливочный
г;лимонад
г;лимонная кислота
г;лимонная цедра
г;лимонник стебель
г;лимонник ягоды
г;лимонные корочки засахаренные
г;лимонные цукаты
г;лимонный сок
г;лимонный уксус
г;лимонный экстракт
г;лимончелло
г;лимоны
шт.;лингвине
г;лисички
г;лисички сушеные
шт.;личи
г;личи компот
г;лобстер
г;лонган
шт.;лонгконг
г;лососевые молоки
г;лососевый фарш
г;лосось
г;лосось горячего копчения
г;лосось копченый
г;лосось свежесоленый
г;лосось свежий
г;лосось свежий филе
г;лосось слабосоленый
г;лосось стейки
г;лосось филе
г;лосось филе на коже
г;лосось холодного копчения
кг;лосятина
по вкусу;лук белый
г;лук зеленый
по вкусу;лук красный
г;лук маринованный
г;луковая шелуха
г;луковый порошок
горсть;лук-порей
по вкусу;лук-резанец
г;лук репчатый
г;лук репчатый мелкий
шт.;лук салатный
г;лук сушеный
г;лук-шалот
шт.;лук-шалот красный
г;льняная мука
ч. л.;льняное масло
г;льняное семя
г;льняное семя молотое
г;любисток
г;маасдам
г;мадера
г;майонез
г;майонез домашний
г;майонез легкий
г;майонезный соус «Слобода» Постный
г;майонез оливковый
г;майонез «Слобода» Легкий
г;майонез «Слобода» На перепелиных яйцах
г;майонез «Слобода» Оливковый
г;майонез «Слобода» Провансаль
г;майонез «Слобода» С лимонным соком
г;майонез «Слобода» Сметанный
г;майоран
по вкусу;майоран свежий
г;майоран сушеный
г;мак
г;макаронные изделия
г;макаронные изделия мелкие
г;макароны
г;макароны-бабочки (farfalle)
г;макароны-бабочки (farfalle) мини
г;макароны баветте
г;макароны-бантики
г;макароны букатини
г;макароны джильи
г;макароны диталони
стакан;макароны-звездочки
г;макароны орзо
г;макароны-ракушки (conchiglie)
г;макароны-ракушки (conchiglie rigate)
г;макароны-ракушки крупные
г;макароны рисони
г;макароны-рожки (pipe rigate)
г;макароны-спиральки (fusilli)
г;макароны-ушки (orecchiette)
г;маккерончини
г;мак молотый
пачка;маковая масса
г;малина
г;малина замороженная
 протертая с сахаром;малина
г;малина сушеная
г;малиновое варенье
г;малиновое желе
г;малиновое пюре
г;малиновый джем
г;малиновый крем
ч. л.;малиновый сироп
ч. л.;малиновый соус
мл;малиновый уксус
г;малиновый чай
по вкусу;манго
мл;манговый сироп
г;манго консервированное
г;мангольд
шт.;мангустин
г;мандариновое пюре
г;мандариновые цукаты
г;мандариновый сок
по вкусу;мандарины
г;мандарины в собственном соку
г;манная крупа
г;маракуйя
г;маргарин
г;маргарин сливочный
по вкусу;мармелад
г;мармелад бутербродный
стакан;марсала
г;мартини
г;мартини красный
по вкусу;марципан
г;марципан зеленый
г;марципан розовый
г;маршмеллоу
г;маршмеллоу крем
г;маршмеллоу мини
г;маскарпоне
г;маслины
г;маслины без косточек
г;масло авокадо
г;масло виноградных косточек
ч. л.;масло грецкого ореха
г;масло для фритюра
г;масло кедрового ореха
г;маслята
г;мастика
г;мастика желатиновая
г;мастика шоколадная
г;матча
г;мафальдине
г;маца
г;мацони
г;маш
г;мед
г;мед акации
г;мед гречишный
г;мед жидкий
г;мед лавандовый
г;мелисса
шт.;меренги
г;мидии
г;мидии в раковинах
г;мидии в раковинах крупные черные
г;мидии в раковинах мелкие зеленые
шт.;мидии замороженные
г;мидии копченые в масле
горсть;микрозелень
г;миндаль
г;миндаль жареный
г;миндаль измельченный
г;миндальная масса
г;миндальная мука
г;миндальная паста
г;миндальная эссенция
г;миндальное масло
г;миндальное молоко
г;миндальное печенье
г;миндальное пралине
г;миндальные лепестки
г;миндальный ликер
г;миндальный сироп
капля;миндальный экстракт
г;миндаль очищенный
г;миндаль рубленый
шт.;мини-кукуруза
г;минога
г;минтай
г;минтай печень
г;минтай филе
г;мисо-паста
пакет;мисо-суп
г;можжевельник ягоды
г;мойва
г;моллюски
г;молоко
г;молоко 5%
г;молоко 5%
г;молоко 5%
г;молоко 2%
г;молоко 6%
г;молоко 4%
г;молоко 6%
г;молоко козье
г;молоко концентрированное
мл;молоко рисовое
г;молоко сгущенное
ст. л.;молоко сгущенное вареное
г;молоко сгущенное с какао
г;молоко сухое
ст. л.;молоко сухое обезжиренное
г;молоко топленое
г;молочная смесь
г;молочные продукты
шт.;морепродукты
г;морковное пюре
г;морковь
г;морковь вареная
г;морковь крупная
г;морковь молодая
г;морковь по-корейски
шт.;морковь тертая
по вкусу;мороженое
г;мороженое ванильное
г;мороженое клубничное
по вкусу;мороженое лимонное
г;мороженое малиновое
г;мороженое пломбир
мл;мороженое шоколадное
г;морошка
кг;морские гребешки
г;морской коктейль
упаковка;морской коктейль в масле
г;морской коктейль замороженный
г;морской черт
г;морской язык
г;морской язык филе
г;мортаделла
г;моцарелла
г;моцарелла для запекания
г;моцарелла для пиццы
г;моцарелла мини
г;моцарелла с травами
г;моцарелла шарик большой
г;мука
г;мука 1 сорт
г;мука 2 сорт
г;мука «Аладушкин»
г;мука грубого помола
г;мука для темпуры
ст. л.;мука из пророщенной пшеницы
г;мука манитоба
г;мука самоподнимающаяся
ч. л.;мука с отрубями
г;мука с семечками
г;мука хлебопекарная
г;мука цельнозерновая
мл;мускат белый
г;мускатное вино
г;мускатный орех
г;мускатный орех молотый
г;мюсли
г;мягкий творог
г;мясной бульон
г;мясной фарш
г;мясо
г;мясо дикого кабана
г;мясо криля
кг;мясо на косточке
г;мята
г;мята сушеная
г;мятный сироп
г;мятный шнапс
г;нардек
шт.;нектарины
г;нога ягненка без кости
г;нори
г;нуга
г;нуга с орехами
г;нут
г;нутелла
г;нут консервированный
г;нутовая мука
г;облепиха
г;облепиха замороженная
стакан;облепиховый сироп
г;овощи
г;овощная смесь
г;овощная смесь замороженная
г;овощная смесь замороженная для wok
г;овощная смесь по-китайски
по вкусу;овощной бульон
г;овсяная мука
стакан;овсяное молоко
г;овсяное печенье
г;овсяное толокно
г;овсяные зерна
г;овсяные отруби
г;овсяные хлопья
г;овсяные хлопья быстрого приготовления
стакан;огуречный рассол
г;огурцы
шт.;огурцы консервированные
шт.;огурцы малосольные
банка;огурцы маринованные
г;огурцы свежие
г;огурцы соленые
г;одуванчики
г;окорок
г;окорок варено-копченый
г;окунь
г;окунь красный филе
г;окунь морской
г;окунь морской филе
г;окунь филе
г;оленина
г;оливки
г;оливки без косточек
по вкусу;оливки зеленые
банка;оливки зеленые консервированные
г;оливки каламата
г;оливки консервированные
 фаршированные анчоусами;оливки
по вкусу;оливки черные
г;оливковая паста
г;оливковое масло
г;оливковое масло Extra Virgin
г;опунция плоды
по вкусу;опята
г;опята замороженные
г;опята маринованные
г;орегано
г;орегано свежий
г;орегано сушеный
г;орехи
г;орехи бразильские
г;орехи макадамия
г;орехи пекан
г;орехи пинии
стакан;ореховая крошка
шт.;ореховая паста
ст. л.;ореховое масло
мл;ореховый ликер
ст. л.;ореховый соус
г;осетр
г;осетрина холодного копчения
г;осьминог
г;осьминоги консервированные
г;осьминоги мини
г;отруби
г;ошеек
г;пагр
г;пажитник
г;пажитник семена
г;палтус
г;пальмовое масло
г;пангасиус
шт.;панеттоне
г;Панифарин
г;панчетта
г;папайя
г;папайя консервированная в собственном соку
г;папоротник
упаковка;папоротник соленый
г;паппарделле
г;паприка
ст. л.;паприка копченая
ст. л.;паприка красная
г;паприка красная молотая
г;паприка острая копченая
г;паприка сладкая
г;паприка сладкая копченая
ч. л.;паприка сладкая хлопьями
г;пармезан
г;паста
г;паста веджимайт
г;паста тахини
ст. л.;паста хариса
г;пастернак
г;пастила
г;пастила виноградная
г;патиссоны
г;патока
г;патока крахмальная
г;патока черная (меласса)
г;пахта
г;паштет
г;пекарский порошок
ч. л.;пекарский порошок
г;пекорино
г;пектин
г;пеленгас
г;пельмени
г;пенне
г;пенне ригате
ч. л.;пеперончино
щепотка;пеперончино молотый
шт.;переводной лист для шоколада
тушка;перепелки
г;перец
г;перец белый
по вкусу;перец белый горошком
г;перец белый молотый
ч. л.;перец белый свежемолотый
г;перец болгарский
г;перец болгарский желтый
г;перец болгарский зеленый
г;перец болгарский красный
г;перец горошком
г;перец горошком смесь
щепотка;перец душистый
г;перец душистый горошком
г;перец душистый молотый
шт.;перец испанский острый
г;перец кайенский
г;перец кайенский красный
щепотка;перец кайенский молотый
г;перец красный
г;перец красный горошком
г;перец красный жгучий
г;перец красный молотый
г;перец красный острый
по вкусу;перец красный острый молотый
щепотка;перец красный хлопьями
г;перец лимонный
г;перец маринованный
г;перец острый
шт.;перец острый зеленый
щепотка;перец острый молотый
г;перец падрон
г;перец пеперони
шт.;перец пеперони красный
г;перец розовый горошком
г;перец свежемолотый смесь
по вкусу;перец сенегальский
г;перец сладкий
г;перец сладкий желтый
г;перец сладкий зеленый
г;перец сладкий красный
шт.;перец сладкий красный маринованный
г;перец сладкий красный молотый
г;перец сладкий оранжевый
г;перец сладкий сушеный
г;перец сычуаньский
г;перец халапеньо
шт.;перец халапеньо маринованный
ст. л.;перец черный
по вкусу;перец черный горошком
г;перец черный молотый
г;перец черный свежемолотый
г;перец чили
стручок;перец чили зеленый
стручок;перец чили красный
по вкусу;перец чили маринованный
г;перец чили молотый
ст. л.;перец чили сухой
по вкусу;перец чили хлопьями
г;перец ямайский
г;перловая крупа
г;перловая мука
г;персики
г;персики консервированные
горсть;персики сушеные
г;персиковое пюре
г;персиковый джем
ст. л.;персиковый мармелад
мл;персиковый сироп
г;персиковый сок
ч. л.;перцовая паста
г;петрушка
г;петрушка зелень
пучок;петрушка итальянская
г;петрушка корень
г;петрушка рубленая
г;петрушка сушеная
г;печень
по вкусу;печенье
г;печенье Oreo
г;печенье Амаретти
г;печенье бисквитное
шт.;печенье галетное
г;печенье «Дамские пальчики»
г;печенье песочное
г;печенье рассыпчатое
г;печенье Савоярди
г;печенье сахарное
г;печенье сладкое
г;печенье сухое
г;печенье шоколадное
г;печенье Юбилейное молочное
г;пиво
мл;пиво имбирное
г;пиво нефильтрованное
г;пиво светлое
банка;пиво темное
шт.;пикша
по вкусу;питы
г;повидло
г;подсолнечное масло
г;подсолнечные семечки
г;полба
г;полба недозрелая
по вкусу;полента
стакан;полента быстрого приготовления
г;помело
г;помидоры
г;помидоры бурые
по вкусу;помидоры вяленые
г;помидоры вяленые в масле
шт.;помидоры желтые
кг;помидоры зеленые
г;помидоры консервированные
г;помидоры консервированные в собственном соку
г;помидоры консервированные в собственном соку с базиликом
г;помидоры протертые пассата
шт.;помидоры соленые
г;помидоры сушеные хлопьями
г;помидоры черри
г;помидоры черри желтые
г;попкорн
кг;поросенок
г;портвейн
г;портобелло
г;портулак
по вкусу;посыпка кондитерская
г;почки
г;приправа 4 перца
ч. л.;приправа 5 специй (five spice)
ст. л.;приправа для баранины
г;приправа для картофеля
г;приправа для курицы
по вкусу;приправа для макарон
по вкусу;приправа для маринования свинины
по вкусу;приправа для морепродуктов
г;приправа для мяса
по вкусу;приправа для паэльи
ч. л.;приправа для пиццы
г;приправа для плова
ст. л.;приправа для птицы
г;приправа для рыбы
по вкусу;приправа для салатов
ч. л.;приправа заатар
ст. л.;приправа креольская
ч. л.;приправа с сушеными грибами
г;приправы
г;прованские травы
г;проволоне
мл;просекко
г;простокваша
г;протеин сывороточный
г;прошутто
г;пряники
г;пряничные специи
г;пряности
г;псиллиум
г;птитим
г;пудинг
г;пудинг ванильный
упаковка;пудинг ванильный инстант
г;пудинг карамельный
г;пшеница
г;пшеничная крупа
г;пшеничная мука
г;пшеничная мука цельнозерновая
стакан;пшеничные зародыши
г;пшеничные отруби
г;пшеничные ростки
г;пшеничные хлопья
ст. л.;пшенные хлопья
г;пшено
г;пыльца цветочная
по вкусу;пюре
шт.;радиккио
г;разрыхлитель
шт.;раки
г;раковые шейки
г;раковые шейки в рассоле
г;рамбутан
г;рапаны
по вкусу;рапсовое масло
г;рассол
ст. л.;рассол от каперсов
ст. л.;рассол от оливок
г;растительное масло
г;растительное масло для жарки
стакан;растительное масло нерафинированное
г;растительное масло рафинированное
стакан;растительное молоко
г;ревень
веточка;реган
г;редис
г;редька
шт.;редька белая
шт.;редька зеленая
шт.;редька черная
г;репа
шт.;репа белая
г;ржаная закваска
г;ржаная закваска густая
г;ржаная мука
г;ржаные отруби
г;ригатони
г;рикотта
г;рикотта твердая
г;рис
г;рис арборио
г;рис басмати
г;рис бурый
г;рис бурый и дикий смесь
г;рис вареный
г;рис виола
г;рис девзира
г;рис дикий
г;рис дикий и золотистый смесь
г;рис длиннозерный
г;рис длиннозерный золотистый
г;рис для плова
г;рис для пудинга
г;рис для ризотто
г;рис для суши
г;рис жасминовый
г;рис золотистый
г;рис индика
г;рис италика
г;рис карнароли
г;рис красный
г;рис круглозерный
г;рис кубанский
г;рисовая бумага
г;рисовая лапша
г;рисовая мука
ч. л.;рисовое вино
г;рисовые хлопья
г;рисовые шарики воздушные
ст. л.;рисовый крахмал
по вкусу;рисовый уксус
г;рис пропаренный
г;рис пропаренный и дикий смесь
г;рис японика
г;рожь
шт.;розмарин
по вкусу;розмарин сушеный
г;розовая вода
г;розовые бутоны сушеные
г;розовые лепестки
г;розы
г;рокфор
бутылка;ром
г;ромашка сушеная
ч. л.;ромовый экстракт
г;ром темный
г;ростбиф
г;рукола
по вкусу;рулька
г;рыба
г;рыба белая
г;рыба белая филе
банка;рыба консервированная
г;рыба копченая
г;рыба копченая филе
г;рыба красная
г;рыба красная соленая
г;рыба красная филе
г;рыба-меч
г;рыба морская
шт.;рыба солнечник филе
тушка;рыба-соль
г;рыбное филе
г;рыбные консервы
г;рыбные кости
 головы;рыбные обрезки
г;рыбный бульон
г;рыбный соус
г;рыбный соус Nam Pla
г;рыбный соус тайский
г;рыбный фарш
г;рябина черноплодная
г;рябчик
г;ряженка
г;ряженка 4%
г;сайда
г;сайда филе
г;сайра
банка;сайра консервированная
ст. л.;саке
г;салака
г;салат
г;салат айсберг
г;салат китайский
пучок;салат корн
г;салат кочанный
г;салат кучерявый
г;салат листовой
г;салатный микс
г;салат романо
г;салат фриссе
г;сало
г;сало копченое в перце
г;сало копченое с мясными прослойками
г;сало с мясными прослойками
г;сальник
г;сальса
ч. л.;сальса верде
г;салями
г;салями итальянская
г;сардельки
г;сардельки копченые
шт.;сардинки маленькие
г;сардины
банка;сардины в масле
г;сахар
г;сахар ванильный
г;сахар демерара
г;сахар жемчужный
г;сахар коричневый
г;сахар коричневый крупнокристаллический
горсть;сахар мусковадо
г;сахарная пудра
г;сахарная пудра апельсиновая
г;сахарная пудра ванильная
г;сахарные жемчужинки
горсть;сахарные кондитерские украшения
г;сахарный песок
г;сахарный песок крупный
г;сахарный песок мелкий
г;сахарный сироп
г;сахар пальмовый
г;сахар-рафинад
г;сахар-рафинад с корицей
г;сахар тростниковый
г;сванская соль
г;свекла
г;свекла вареная
г;свекольная ботва
г;свекольные листья
г;свиная вырезка
г;свиная голова
г;свиная грудинка
г;свиная корейка
г;свиная корейка копченая
г;свиная корейка на кости
г;свиная лопатка варено-копченая
г;свиная мякоть
кг;свиная пашина
г;свиная печень
по вкусу;свиная рулька
г;свиная рулька варено-копченая
г;свиная рулька копченая
кусок;свиная шейка
г;свинина
г;свинина вареная
г;свинина нежирная
г;свинина с жирком
г;свиное сердце
г;свиное филе
г;свиной подчеревок
г;свиной фарш
г;свиной язык
шт.;свиные котлеты на косточке
г;свиные легкие
г;свиные ножки
г;свиные отбивные
г;свиные отбивные на косточке
г;свиные ребра
шт.;свиные уши
шт.;свиные щечки
г;свити
г;сельдерей
г;сельдерей зелень
г;сельдерей корень
по вкусу;сельдерей корень сушеный
г;сельдерейная соль
ч. л.;сельдерей семена
г;сельдерей стебли
г;сельдь
г;сельдь слабосоленая
шт.;сельдь соленая
г;сельдь филе
г;семга
г;семга копченая
г;семга свежая
г;семга соленая
г;семга филе на коже
г;семечки
ст. л.;семечки смесь
г;семолина
г;сервелат варено-копченый
г;сибас
г;сидр
г;сироп
г;сироп от консервированных груш
ст. л.;сироп от консервированных персиков
стакан;сироп топинамбура
по вкусу;скумбрия
г;скумбрия свежая
г;скумбрия филе
г;скумбрия холодного копчения
упаковка;сливки
г;сливки 10-20%
г;сливки 15%
г;сливки 20%
г;сливки 33-35%
г;сливки жирные
г;сливки кондитерские
г;сливовая паста
г;сливовое варенье
г;сливовое вино
г;сливовый джем
ст. л.;сливовый ликер
г;сливовый соус
г;сливочное масло
кг;сливы
г;сливы замороженные
г;смалец
шт.;смесь для кекса
г;смесь для оладий
г;смесь для хлеба 8 злаков
г;сметана
г;сметана 10%
ч. л.;сметана 15%
г;сметана 18%
г;сметана 20%
г;сметана 25%
г;сметана 30%
г;сметана 35%
г;сметана жирная
г;сметана нежирная
г;сметана некислая
г;смородина сушеная
г;смородиновые листья
г;сморчки сухие
л;снежок
г;сныть
г;сода
г;соевая мука
г;соевое масло
г;соевое молоко
г;соевые ростки
г;соевый соус
г;сок
мл;сок из красных апельсинов
мл;сок мультивитаминный
мл;сок юзу
ч. л.;солод
г;солод жидкий
г;солодовый экстракт
г;солод темный
г;соломка
г;соль
г;соль гималайская
г;соль крупного помола
г;соль морская
г;сом филе
г;сосиски
шт.;сосиски из куриного фарша
г;сосиски копченые
г;соус
ст. л.;соус black bean
ч. л.;соус sambal oelek
г;соус барбекю
г;соус краснодарский
г;соус красный острый
по вкусу;соус мирин
г;соус наршараб
г;соус острый
по вкусу;соус песто
г;соус сацебели
капля;соус табаско
г;соус терияки
стакан;соус ткемали
г;соус ткемали благородный
ст. л.;соус ткемали ранний
ч. л.;соус устричный
г;соус чили
ч. л.;соус чили сладкий
г;соус экзотический
г;соя
г;спагетти
;спагетти № г
;спагетти № г
г;спагетти лунги
кг;спаржа
г;спаржа белая
г;спаржа зеленая
г;спаржа молодая
г;спек
стакан;спельта
г;спельтовая (полбяная) мука
г;специи
г;спирт
г;спирулина порошок
г;спред
г;ставрида
шт.;стейк семги
г;стейк семги
г;стеклянная лапша
г;страчателла
г;судак
г;судак филе
г;судак филе на коже
г;сулугуни
г;сулугуни копченый
г;сумах
г;суповой набор
по вкусу;сухари
г;сухари белые
г;сухари молотые
г;сухари панировочные
г;сухари ржаные
г;сухарная крошка
г;сухофрукты
по вкусу;сухофрукты тропические
г;сушки
г;сыворотка
г;сыр
г;сыр tete de moine
г;сыр Австрия блю
г;сыр адыгейский
г;сыр бри
г;сыр буко
г;сыр гауда
г;сыр гойя
г;сыр голландский
г;сыр голубой
г;сыр гравьера
г;сыр джугас
г;сыр домашний
г;сыр дорблю
г;сыр имеретинский
г;сыр кефалотири
г;сырки творожные
г;сыр козий мягкий
г;сыр козий твердый
г;сыр колбасный
г;сыр копченый
г;сыр коттедж
г;сыр Маскарпоне
г;сыр мраморный
по вкусу;сыр мягкий
г;сыр овечий
г;сыр панир
г;сыр пеше миньон
г;сыр плавленый
г;сыр плавленый шоколадный
г;сыр пластинками
г;сыр полутвердый
г;сыр провола
г;сыр российский
г;сыр скаморца
г;сыр скаморца копченый
г;сыр сливочный
г;сыр с плесенью
г;сыр с плесенью мягкий
г;сыр твердый
г;сыр филадельфия
г;сыр фонтина
г;сыр хаварти
г;сыр швейцарский
ч. л.;сычужный фермент
г;таледжо
г;тальолини
г;тальятелле
шт.;тальятелле-гнезда
шт.;тамаринд
ч. л.;тамариндовая паста
г;тапиока
по вкусу;тарталетки
ст. л.;тартар
г;тархун
г;творог
г;творог 18%
г;творог 2%
г;творог 5%
г;творог 9%
г;творог жирный
г;творог зерненый
г;творог обезжиренный
г;творожная масса
г;творожная паста
г;творожный сыр
г;творожный сыр соленый
г;творожок клубничный
стакан;текила
по вкусу;телятина
г;телятина вареная
г;телячий фарш
шт.;телячьи отбивные на косточке
шт.;телячьи шницели
г;телячьи эскалопы
г;телячья вырезка
г;телячья печень
шт.;телячья щека
г;тесто бездрожжевое
г;тесто готовое
г;тесто для вонтонов
шт.;тесто для пиццы
по вкусу;тесто дрожжевое
г;тесто катаифи
г;тесто макаронное
г;тесто макаронное для лазаньи
г;тесто пельменное
по вкусу;тесто песочное
г;тесто пресное
г;тесто пряничное
г;тесто слоеное
по вкусу;тесто слоеное бездрожжевое
кг;тесто слоеное дрожжевое
г;тесто фило
г;тилапия
г;тилапия филе
г;тильзитер
горсть;тимьян
веточка;тимьян лимонный
по вкусу;тимьян свежий
г;тимьян сушеный
г;ткемали
г;тмин
г;тмин молотый
г;томатная паста
г;томатное пюре
г;томатный концентрат
г;томатный порошок
г;томатный сок
г;томатный соус
г;томатный соус итальянский
г;томатный соус острый
г;томатный соус с базиликом
бутылка;тоник
г;топинамбур
г;топленое масло
по вкусу;тортильи
г;тортильони
г;тофу
г;травы ароматные
ч. л.;травы пряные с перцем
г;травы сухие
г;треска
г;треска печень
г;треска филе
г;трюфель
г;трюфельная крошка
ст. л.;трюфельное масло
шт.;трюфель черный
по вкусу;тунец
г;тунец консервированный
г;тунец филе
г;тушенка
г;тыква
шт.;тыквенное масло
г;тыквенное пюре
г;тыквенные семечки
г;тюлька свежая
г;угорь
г;угорь копченый
г;угурт
г;укроп
ч. л.;укропное семя
г;укроп свежий
г;укроп сушеный
г;уксус
г;уксус 9%
ст. л.;уксус из сидра
г;уксусная эссенция
г;уксус столовый
г;улитки
шт.;улитки виноградные
г;урюк
г;устрицы
г;утиная грудка
г;утиная печень
г;утиное филе
г;утиные бедрышки
по вкусу;утиные ножки
по вкусу;утка
г;утка печеная
тушка;утка тушка
г;уцхо-сунели
г;фазан
г;фарш (баранина и говядина)
г;фарш (свинина и курица)
г;фасоль
г;фасоль белая
г;фасоль белая консервированная
г;фасоль белая лима
г;фасоль зеленая стручковая
горсть;фасоль кенийская
г;фасоль кидни красная
г;фасоль консервированная
г;фасоль красная
стакан;фасоль красная вареная
г;фасоль красная консервированная
г;фасоль молодая замороженная
г;фасоль пинто
г;фасоль спаржевая вареная
г;фасоль стручковая
г;фасоль стручковая замороженная
г;фасоль стручковая консервированная
г;фасоль черный глаз
г;фейхоа
г;фенхель
г;фенхель семена
г;фенхель семена молотые
г;фестонате
г;фета
г;фетаки
г;фетакса
г;феттучине
шт.;фиалки засахаренные
г;фиалковый сироп
по вкусу;физалис
шт.;филе красного окуня
г;филе лосося
шт.;филе палтуса
г;финики
стакан;финики без косточек
г;финики иранские
шт.;финики иранские без косточек
г;фисташки
г;фисташки очищенные
горсть;фисташки очищенные несоленые
г;фисташки рубленые
г;фисташковая мука
г;фисташковая паста
г;фисташковое масло
по вкусу;фокачча
г;форель
г;форель вареная
г;форель горячего копчения
шт.;форель озерная свежая
г;форель слабосоленая
шт.;форель стейки
г;форель филе
г;форель холодного копчения
г;фрикадельки
шт.;фрукт дракона
г;фруктовый сироп
г;фруктовый сок
стакан;фруктовый сок без сахара
г;фруктоза
г;фрукты
г;фрукты консервированные
г;фундук
г;фундучная мука
г;фунчоза
г;халва
г;халва ванильная
г;халва подсолнечная
г;халуми
г;хамон
г;хек
г;хек филе
стакан;херес
ч. л.;хересный уксус
г;хлеб
батон;хлеб 7 злаков
г;хлеб белый
г;хлеб белый сухой
кусок;хлеб бородинский
г;хлеб датский ржаной
г;хлеб для сэндвичей
г;хлебная крошка
г;хлеб ржаной
г;хлеб серый
кусок;хлеб с кунжутом
г;хлеб цельнозерновой
г;хлебцы пшенично-ржаные цельнозерновые
г;хлопья 4 злака
г;хлопья 5 злаков
ст. л.;хлопья 7 злаков
стакан;хлопья быстрого приготовления
г;хлорид кальция
г;хмели-сунели
ст. л.;хмель
г;хрен
г;хрен протертый
г;хрен со сливками
г;хурма
г;хурма спелая
г;цесарка тушка
ч. л.;цикорий
горсть;цитроновые цукаты
шт.;цитрусовые цукаты
мл;цитрусовый свежевыжатый сок
г;цукаты
г;цукини
шт.;цукини цветы
г;цыплята
шт.;цыплята-корнишоны
г;чабер
г;чабрец
г;чабрец сушеный
пакетик;чай дарджилинг
ст. л.;чай жасминовый
пакетик;чай зеленый
г;чай копченый лапсанг сушонг
г;чай красный
ст. л.;чай ройбуш
г;чай черный
ч. л.;чай черный крупнолистовой
пакет;чай черный со специями
стакан;чай эрл грей
г;чатни манго
г;чеддер
г;черемуха
г;черемуховая мука
г;черемша
г;черешневый джем
г;черешня
ст. л.;черешня консервированная без косточек
г;черная смородина
г;черника
г;черника замороженная
г;чернила каракатицы
стакан;черничный джем
г;чернослив
г;чернослив без косточек
г;чернослив вяленый
г;чернослив копченый без косточек
г;черносмородиновое варенье
г;черносмородиновый джем
г;чеснок
г;чеснок молодой
г;чеснок сушеный
щепотка;чесночная соль
по вкусу;чесночное масло
г;чесночный порошок
г;чечевица
ст. л.;чечевица вареная
г;чечевица зеленая
г;чечевица красная
г;чечил спагетти
кусок;чиабатта
г;чиа семена
щепотка;чипотле молотый
г;чипсы
г;чоризо
г;шалфей
пучок;шалфей свежий
лист;шалфей сушеный
г;шампанское
стакан;шампанское советское
ст. л.;шампанское сухое
по вкусу;шампиньоны
г;шампиньоны замороженные
г;шампиньоны консервированные
г;шампиньоны маринованные
г;шампиньоны свежие
г;шафран
г;шафран имеретинский
ч. л.;шафран молотый
шт.;шафран нити
г;шелковица
г;шелковица сушеная
г;шиповник
г;шиповниковый сироп
г;шнапс
стебель;шнитт-лук
г;шоколад
г;шоколад белый
г;шоколад горький с апельсиновой цедрой
г;шоколад молочный
г;шоколад мятный
г;шоколадная паста
г;шоколадная стружка
г;шоколадное масло
г;шоколадно-ореховая паста
г;шоколадные горошины
г;шоколадные капли
г;шоколадные капли белые
г;шоколадные конфеты
г;шоколадные хлопья
горсть;шоколадные шарики из готовых завтраков
г;шоколадный ликер
г;шоколадный сироп
г;шоколадный соус
г;шоколад полусладкий
г;шоколад с орехами
г;шоколад черный горький
г;шоколад черный горький 70%
ч. л.;шоколад черный горький 75%
г;шоколад черный горький 85%
стакан;шортенинг
шт.;шпик
г;шпик копченый
г;шпинат
г;шпинат замороженный
г;шпинат молодой
г;шпинат свежий
г;шпроты
г;шпроты в масле
г;шрот
г;щавель замороженный
веточка;щавель свежий
г;щука
г;щука филе
стакан;эгг-ног
г;эдам
мл;эль
г;эмменталь
г;эскалоп
г;эстрагон
веточка;эстрагон сушеный
г;яблоки
кг;яблоки антоновка
г;яблоки гала
г;яблоки голден
кг;яблоки гренни смит
г;яблоки зеленые
шт.;яблоки красные
шт.;яблоки моченые
г;яблоки нетвердых сортов
г;яблоки сладкие
г;яблоки сушеные
ч. л.;яблочная эссенция
г;яблочное варенье
г;яблочное повидло
г;яблочное пюре
стакан;яблочные чипсы
г;яблочный джем
ст. л.;яблочный сироп
г;яблочный сок
ст. л.;яблочный соус
г;яблочный уксус
г;ягнятина
г;ягнятина кострец
г;ягнятина фарш
шт.;ягнячьи отбивные на косточке
г;ягнячья голень нарубленная
г;ягнячья корейка
ст. л.;ягодное варенье
г;ягодное желе
г;ягодный сироп
г;ягодный сок
г;ягодный соус кислый
г;ягоды
по вкусу;ягоды вяленые
г;ягоды замороженные
г;ягоды лесные
г;ягоды лесные замороженные
г;яичные белки
г;яичные желтки
шт.;яичные желтки вареные
г;яичные желтки крупные
г;яичный меланж
ст. л.;яичный порошок
г;яйца куриные
г;яйца куриные крупные
г;яйца перепелиные
г;японская крошка панко
г;ячменные хлопья
г;ячмень
г;ячневая крупа